DatasetName,MonitoringLocationID,MonitoringLocationName,MonitoringLocationLatitude,MonitoringLocationLongitude,MonitoringLocationHorizontalCoordinateReferenceSystem,MonitoringLocationType,ActivityType,ActivityMediaName,ActivityStartDate,ActivityStartTime,ActivityStartTimeZone,CharacteristicName,MethodSpeciation,ResultSampleFraction,ResultUnit,ResultValue,ResultValueType,ResultDetectionCondition,ResultDetectionQuantitationLimitMeasure,ResultDetectionQuantitationLimitUnit,ResultDetectionQuantitationLimitType,ResultStatusID,ResultAnalyticalMethodName,LaboratoryName,ResultComment
Decent Mountains National Park Freshwater Monitoring,DMNP-ST-01,North Fork Big Stream,46.735,-60.641,WGS84,River/Stream,Field Msr/Obs,Surface Water,2012-07-15,10:30:00,-04:00,Dissolved oxygen (DO),NA,NA,mg/L,8.4,Actual,NA,NA,NA,NA,Final,YSI Pro Plus,NA,NA
Decent Mountains National Park Freshwater Monitoring,DMNP-ST-02,South Meadow Creek,46.801,-60.512,WGS84,River/Stream,Field Msr/Obs,Surface Water,2014-08-03,09:15:00,-04:00,"Temperature, water",NA,NA,deg C,37.8,Actual,NA,NA,NA,NA,Final,YSI Pro Plus,NA,NA
Decent Mountains National Park Freshwater Monitoring,DMNP-LK-01,Clearwater Lake,46.91,-60.455,WGS84,Lake/Pond,Field Msr/Obs,Surface Water,2019-07-21,13:00:00,-04:00,pH,NA,NA,None,7.4,Actual,NA,NA,NA,NA,Final,YSI Pro Plus,NA,NA
Decent Mountains National Park Freshwater Monitoring,DMNP-ST-03,Upper Falls Outlet,46.875,-60.52,WGS84,River/Stream,Field Msr/Obs,Surface Water,2024-08-11,08:55:00,-04:00,Specific conductance,NA,NA,uS/cm,125,Actual,NA,NA,NA,NA,Final,YSI Pro Plus,NA,NA
Decent Mountains National Park Freshwater Monitoring,DMNP-ST-02,South Meadow Creek,46.801,-60.512,WGS84,River/Stream,Sample-Routine,Surface Water,2018-07-22,11:45:00,-04:00,Nitrate,as N,Filtered,mg/L,0.31,Actual,NA,NA,NA,NA,Final,Colorimetry,National Laboratory for Environmental Testing,NA
Decent Mountains National Park Freshwater Monitoring,DMNP-LK-01,Clearwater Lake,46.91,-60.455,WGS84,Lake/Pond,Sample-Routine,Surface Water,2019-07-21,13:05:00,-04:00,pH,NA,NA,None,7.2,Actual,NA,NA,NA,NA,Final,SM 4500-H+,National Laboratory for Environmental Testing,NA
Decent Mountains National Park Freshwater Monitoring,DMNP-ST-03,Upper Falls Outlet,46.875,-60.52,WGS84,River/Stream,Sample-Routine,Surface Water,2024-08-11,09:20:00,-04:00,Total hardness,as CaCO3,NA,mg/L,42,Actual,NA,NA,NA,NA,Final,SM 2340B,National Laboratory for Environmental Testing,NA
Decent Mountains National Park Freshwater Monitoring,DMNP-LK-01,Clearwater Lake,46.91,-60.455,WGS84,Lake/Pond,Sample-Routine,Surface Water,2020-09-10,14:20:00,-04:00,Lead,NA,NA,mg/L,NA,Actual,Below Detection/Quantification Limit,0.002,mg/L,NA,Final,NA,Water Chemistry Lab,Required sample fraction remains unresolved in the source documentation
Decent Mountains National Park Freshwater Monitoring,DMNP-LK-01,Clearwater Lake,46.91,-60.455,WGS84,Lake/Pond,Sample-Routine,Surface Water,2021-09-12,13:10:00,-04:00,Cadmium,NA,Dissolved,ug/L,NA,Actual,Below Detection/Quantification Limit,0.05,ug/L,Reporting Limit,Final,EPA 200.8,Water Chemistry Lab,NA
Decent Mountains National Park Freshwater Monitoring,DMNP-ST-02,South Meadow Creek,46.801,-60.512,WGS84,River/Stream,Sample-Routine,Surface Water,2022-08-18,10:05:00,-04:00,Copper,NA,NA,mg/L,0.004,Actual,NA,NA,NA,NA,Final,EPA 200.8,Water Chemistry Lab,Required sample fraction remains unresolved in the source documentation
